gene,seq_length,R1,R2,R3,R4,R5,R6,R7,R8,R9,R10,R11,R12,R13,R14,R15,R16,R17,R18,R19,R20,R21,R22,R23,R24,R25,R26,R27,R28,R29,R30
Trim30a,496,1,0,0,0,0,0,-1,0,0,1,-1,-1,0,0,0,0,0,0,0,-1,0,0,1,-1,0,0,0,0,-1,0
Crk,304,1,0,0,0,0,-1,0,-1,-1,1,0,0,0,0,0,0,1,0,0,1,0,-1,0,0,0,0,0,0,0,0
Ppp1r9b,817,1,0,1,0,-1,0,1,0,0,0,0,0,0,1,0,0,0,0,0,1,0,0,0,-1,0,0,0,0,0,0
Mtdh,579,1,0,0,1,0,0,0,-1,-1,0,0,0,0,0,-1,-1,0,0,0,1,0,1,-1,0,0,0,0,0,0,0
Lrrfip1,428,1,-1,0,0,0,0,0,0,0,1,1,1,0,0,0,1,-1,1,0,0,0,-1,-1,-1,0,0,0,0,0,0
Cmklr1,371,1,-1,0,-1,0,0,0,-1,0,0,0,0,-1,-1,-1,0,0,-1,0,0,0,0,0,0,-1,0,-1,-1,0,0
Bax,237,1,0,1,0,0,-1,0,1,-1,0,1,0,-1,0,0,0,1,0,0,0,0,0,0,0,0,0,0,1,1,0
Il15ra,263,1,0,0,0,0,0,1,0,0,0,0,0,0,0,0,0,0,0,0,0,0,0,0,0,0,0,0,0,1,0
Rel,587,1,0,0,0,0,0,0,0,0,0,-1,0,0,-1,0,0,1,0,1,0,0,1,0,1,0,1,0,-1,0,1
Sfpq,699,1,0,1,-1,1,0,1,0,1,0,0,0,0,0,0,0,0,1,1,0,0,0,0,0,1,0,0,0,0,-1
Cggbp1,167,1,-1,1,0,0,0,0,0,0,0,0,1,0,1,0,1,0,0,0,0,0,0,0,0,-1,1,0,0,-1,0
Gatad2a,631,1,0,-1,-1,0,0,1,0,1,0,0,1,1,0,0,-1,0,-1,0,0,-1,-1,-1,0,-1,0,1,1,0,1
Oasl1,511,1,0,0,0,0,-1,0,0,0,0,0,0,0,1,0,-1,0,0,0,0,0,0,0,0,0,0,1,-1,0,1
Nrbp1,543,1,0,-1,0,-1,0,0,0,0,0,0,0,0,0,-1,0,1,0,-1,0,0,0,0,0,0,0,0,0,0,0
Serpinb9,374,1,0,0,0,0,-1,0,0,0,0,0,0,0,0,0,0,1,0,0,0,0,0,0,0,0,1,0,0,0,0
Mcl1,331,1,0,0,0,1,1,0,0,0,0,0,0,0,0,0,0,0,0,0,0,0,0,0,0,0,0,0,0,0,0
Plekhn1,611,1,0,0,0,0,0,0,0,0,0,0,1,1,0,1,0,0,0,0,1,1,0,0,0,1,0,0,1,-1,-1
H2-Q6,306,1,0,0,0,0,0,0,0,0,0,0,0,0,0,0,0,0,-1,0,1,0,0,0,0,0,0,1,0,0,0
Arid3a,601,1,1,0,0,0,0,0,-1,0,0,0,0,1,0,0,1,0,1,0,-1,0,-1,0,1,0,0,0,0,0,0
Stxbp1,594,1,0,0,0,0,0,1,0,0,0,0,-1,1,0,0,0,-1,0,0,1,1,0,1,1,1,0,-1,0,1,0
Itgal,1161,1,0,0,1,0,0,0,0,1,0,0,0,0,0,0,0,0,0,0,1,0,0,0,0,0,0,-1,0,1,0
Smarca4,1647,1,0,0,0,-1,0,0,0,0,0,0,0,1,0,0,0,0,0,0,0,0,0,0,0,0,0,0,0,0,0
Mbnl2,355,1,0,0,0,0,0,0,0,1,-1,0,1,0,0,0,0,-1,0,0,1,0,0,0,1,0,0,0,0,1,0
Cd38,304,1,0,0,0,-1,0,0,0,0,0,0,-1,1,0,0,0,1,0,0,1,1,0,0,0,0,0,0,0,0,0
Mark2,776,1,0,0,0,1,0,0,0,0,0,0,0,-1,1,-1,0,-1,0,0,0,0,0,0,0,-1,0,1,0,0,0
Ifi205a,404,1,-1,0,-1,0,1,1,0,0,0,0,-1,0,0,-1,0,0,0,1,0,0,0,0,0,0,1,0,0,0,0
Lilrb3,844,1,0,0,0,0,0,0,0,0,1,0,0,0,0,0,0,0,0,0,0,0,0,0,0,0,0,0,1,0,0
Sp110,445,1,0,0,0,0,1,0,0,-1,1,0,0,0,0,0,0,0,0,0,1,0,0,0,0,0,0,0,0,1,0
Trim30d,347,1,-1,0,-1,1,1,0,-1,-1,0,0,-1,-1,0,0,0,0,1,0,-1,0,-1,0,0,0,0,0,-1,0,-1
Creb1,327,1,0,0,-1,0,0,0,-1,0,0,0,0,0,-1,0,0,0,0,-1,0,-1,0,0,0,0,0,0,0,0,0
Tent5a,428,1,0,-1,0,-1,0,0,0,0,0,0,-1,-1,-1,0,0,0,0,0,0,0,0,0,0,0,-1,0,0,0,0
Brd9,596,1,0,1,1,0,1,1,0,1,0,-1,0,1,0,0,0,-1,-1,0,0,-1,0,0,0,-1,1,0,0,1,0
Rps6kc1,1056,1,0,0,0,0,0,0,0,0,-1,0,0,1,0,0,0,0,0,-1,0,0,1,0,0,1,0,0,0,0,0
Stx11,287,1,1,-1,1,0,0,-1,0,0,-1,0,0,1,0,0,-1,0,0,0,0,-1,0,-1,0,-1,0,-1,0,0,1
Stxbp3,592,1,0,0,0,0,0,-1,1,0,0,1,0,0,0,0,1,1,0,1,0,0,0,0,-1,-1,0,1,1,-1,0
Casp7,303,1,0,-1,-1,0,-1,0,0,0,-1,0,-1,1,0,-1,0,0,0,-1,-1,0,0,-1,0,1,0,-1,1,0,0
Dtx3l,748,1,0,0,0,0,-1,0,0,0,0,0,0,0,1,0,1,-1,0,0,0,1,0,0,1,1,0,-1,0,0,0
Baz1a,1552,1,0,0,0,0,1,1,0,0,0,1,0,1,0,0,0,-1,0,1,0,-1,-1,-1,0,0,0,0,1,0,0
Hcls1,486,1,0,1,0,0,0,0,0,-1,0,0,0,0,0,-1,0,0,0,-1,-1,0,-1,0,-1,0,-1,0,0,0,-1
Stat3,769,1,0,0,0,0,0,0,0,0,0,-1,0,1,0,0,-1,0,0,0,0,0,0,0,-1,0,0,0,0,-1,0
Vasp,365,1,0,-1,0,0,0,0,0,0,1,0,0,0,0,0,0,-1,-1,0,0,1,1,0,0,0,0,0,0,0,0
Tdrd7,1086,1,0,-1,0,-1,0,0,0,1,0,0,1,0,0,0,0,0,0,1,0,0,0,0,0,0,1,0,0,0,-1
Map2k4,253,1,-1,0,-1,0,0,0,1,0,0,-1,0,0,0,0,0,0,0,0,0,0,0,0,1,-1,0,-1,0,0,0
Fas,63,1,0,0,0,0,0,0,0,0,0,0,0,0,0,0,0,0,1,0,0,0,0,0,0,0,0,0,0,-1,0
Rapgef2,1496,1,1,0,0,0,0,0,0,0,0,0,0,0,0,0,0,-1,1,0,0,0,0,0,-1,0,0,1,0,0,0
Oasl2,260,1,0,0,-1,0,0,-1,0,0,0,0,-1,-1,0,0,0,0,0,0,-1,0,0,0,0,0,1,-1,0,0,0
Gripap1,806,1,0,0,0,0,0,-1,-1,-1,0,0,1,0,0,0,0,0,0,-1,0,1,0,0,0,0,0,0,0,-1,-1
Ell2,639,1,0,0,0,0,0,0,0,0,1,-1,-1,0,1,0,0,0,0,0,0,1,0,0,0,-1,0,0,0,0,0
Il36g,193,1,-1,0,0,-1,1,1,0,0,0,0,0,0,-1,0,-1,0,-1,0,-1,1,0,0,0,0,0,0,0,0,0
Serpinb6,378,1,-1,0,0,0,-1,0,0,0,0,0,0,0,0,0,0,1,0,0,0,-1,-1,0,0,1,0,0,0,0,0
Cdkn1a,159,1,0,0,0,0,-1,0,1,0,0,0,0,1,0,1,0,0,1,0,0,0,0,0,0,-1,0,-1,0,0,1
Arap1,1452,1,0,-1,0,0,-1,0,0,0,0,0,0,-1,0,0,1,0,0,0,0,-1,0,0,0,0,0,0,-1,0,0
Mov10,1004,1,0,0,1,0,0,0,1,1,0,1,-1,0,0,0,1,0,-1,0,0,0,0,-1,1,0,0,-1,0,-1,0
Mefv,767,1,0,1,0,0,0,-1,0,0,0,0,0,0,-1,-1,0,0,0,0,-1,0,-1,1,0,1,0,1,0,0,0
Oas2,751,1,0,0,0,0,0,0,0,0,0,0,-1,1,0,0,0,0,0,0,0,0,0,0,0,0,0,0,0,0,0
H2-K1,368,1,0,0,0,0,0,0,0,0,0,0,0,0,0,0,0,0,0,0,1,0,0,0,0,0,0,1,0,0,0
Mapk7,703,1,0,0,0,0,0,0,0,0,0,0,0,0,1,1,0,0,0,0,0,-1,0,0,0,0,0,1,1,0,0
Tnip3,279,1,0,0,1,1,0,0,0,0,-1,1,0,-1,-1,0,0,0,0,0,0,0,0,0,-1,-1,0,-1,1,0,-1
Fcgr1,404,1,0,0,0,0,0,0,-1,-1,0,0,0,0,0,0,0,0,0,0,0,0,0,0,0,-1,0,0,0,0,0
Ccrl2,360,1,-1,0,0,0,0,0,0,-1,-1,-1,0,-1,0,0,0,0,-1,-1,0,0,-1,0,0,0,0,-1,0,0,0
Nub1,638,1,1,0,0,0,0,0,0,1,0,1,0,0,0,1,0,0,0,0,1,0,0,1,1,0,0,0,1,1,0
Bst1,311,1,0,0,0,0,0,0,0,0,0,0,0,0,0,0,0,0,0,0,0,0,0,0,0,0,1,0,1,0,0
Rgl1,766,1,-1,0,0,0,0,0,-1,0,0,0,0,0,0,1,0,1,0,0,0,1,0,-1,0,0,0,0,0,0,0
Akt3,479,1,0,-1,0,0,0,0,1,-1,0,0,0,0,1,1,0,-1,0,0,1,0,0,1,0,1,0,0,0,0,1
Lyn,512,1,0,0,0,1,0,1,1,1,-1,0,0,0,-1,-1,-1,0,-1,0,1,0,0,0,0,1,0,0,-1,1,0
Ccr1,355,1,-1,0,0,-1,0,0,-1,0,0,0,0,0,0,-1,0,-1,0,0,-1,0,0,0,0,0,1,0,0,0,1
Rap2c,183,1,1,-1,0,1,0,0,0,0,0,0,0,0,0,0,1,0,0,0,0,0,0,0,0,0,0,0,0,0,-1
Rabgap1l,815,1,-1,0,1,0,0,0,0,1,0,0,0,0,0,-1,0,0,0,0,0,0,0,-1,-1,0,0,0,0,0,0
Resf1,1521,1,0,0,0,0,1,0,-1,0,0,0,1,0,0,0,0,0,1,0,0,0,0,0,0,0,0,0,0,0,0
Rhbdf2,827,1,0,0,0,-1,1,0,0,0,0,0,0,0,0,0,0,0,1,0,0,0,1,1,0,0,0,0,0,0,0
Ikzf1,535,1,-1,0,-1,-1,0,0,-1,0,0,0,0,0,0,1,-1,0,0,0,0,0,-1,0,0,-1,-1,0,-1,-1,0
Atp6ap1,463,1,0,0,0,0,0,0,0,1,0,1,0,0,0,0,1,0,0,0,0,0,0,0,0,0,0,0,0,0,0
Crtc3,619,1,0,0,0,0,0,0,0,0,0,0,0,1,1,0,0,-1,1,0,0,0,0,0,0,1,0,0,-1,-1,0
Mbnl1,347,1,0,0,0,0,0,0,0,1,-1,0,1,0,0,0,0,-1,0,0,1,-1,0,0,1,0,0,0,0,1,0
Elf1,2154,1,-1,0,0,1,0,0,0,0,0,0,0,0,0,0,0,0,0,0,0,0,0,0,0,0,0,0,0,-1,0
Dus2,493,1,0,0,0,0,0,0,0,0,0,0,0,1,0,0,0,0,0,0,0,1,0,0,0,0,0,0,1,0,0
Ptpn2,406,1,0,0,0,0,-1,1,-1,0,-1,-1,0,-1,0,0,0,1,0,0,0,0,0,0,-1,0,1,0,-1,0,0
Parp9,866,1,0,0,0,0,-1,0,0,0,0,0,0,0,-1,1,0,0,0,0,0,0,0,0,0,0,0,1,1,0,0
Oas3,1138,1,-1,0,0,0,0,0,0,0,0,0,-1,1,0,0,0,0,0,0,0,0,0,0,-1,0,0,0,0,0,1
Gmfg,142,1,0,-1,0,0,0,0,0,-1,0,-1,0,-1,0,1,-1,0,0,1,1,0,1,0,1,1,-1,0,0,0,0
Irf9,417,1,0,-1,0,0,0,0,0,1,0,1,0,0,1,0,0,0,1,0,0,0,0,1,0,1,0,0,1,1,0
Cdc42ep4,349,1,0,0,0,1,0,0,0,0,0,0,0,0,0,1,1,1,0,1,0,-1,0,0,0,-1,0,0,0,0,0
Tmsb10,44,1,0,-1,1,0,-1,0,0,-1,0,0,0,0,-1,1,0,1,0,1,1,0,-1,0,0,-1,1,0,0,0,0
Sec14l1,715,1,0,0,1,0,0,0,0,0,1,0,0,1,0,0,0,-1,0,0,0,0,0,0,-1,1,1,0,0,0,0
Tlr2,784,1,0,1,0,0,0,0,0,0,0,0,0,0,0,0,0,0,0,0,1,1,0,0,0,0,-1,0,0,0,0
Nab1,486,1,0,0,0,0,0,1,0,0,0,-1,0,0,0,0,1,0,0,0,1,0,0,0,0,0,0,0,-1,0,0
Sp140,430,1,0,0,0,0,0,-1,0,0,0,1,0,0,0,-1,-1,0,0,-1,-1,-1,0,-1,-1,0,0,0,0,0,1
Gclm,274,1,0,0,-1,0,1,0,0,0,0,0,0,0,1,0,0,0,0,0,0,0,0,0,0,0,0,0,0,0,1
Arid4a,1261,1,1,0,0,-1,-1,0,0,0,0,0,0,0,0,-1,0,0,0,1,0,1,0,0,0,0,-1,0,1,0,1
Relb,501,1,0,1,0,0,0,1,0,0,0,0,0,0,0,0,0,0,0,0,0,0,0,0,0,0,0,0,0,0,0
Hck,524,1,0,0,1,0,0,0,-1,-1,0,0,0,0,1,0,-1,0,1,0,0,1,0,0,0,0,1,0,1,0,0
Gatad2b,594,1,-1,1,0,0,-1,-1,0,0,1,0,0,0,0,1,1,0,0,-1,0,0,-1,-1,1,-1,-1,0,0,0,1
Pdzd11,140,1,-1,0,1,0,0,0,-1,-1,0,0,0,0,0,0,0,0,0,-1,0,0,0,0,0,0,0,0,0,-1,1
Lpin2,931,1,0,0,0,-1,-1,0,0,-1,-1,-1,1,0,0,0,-1,0,0,0,0,1,0,0,0,0,0,0,0,1,0
Mndal,538,1,0,-1,0,1,1,0,0,0,0,1,0,0,-1,0,0,-1,-1,0,0,0,1,0,0,1,0,0,0,1,1
Nacc1,514,1,0,0,0,0,0,0,-1,0,0,0,0,0,0,0,0,0,-1,0,0,0,-1,0,1,0,0,0,0,0,0
Triobp,2014,1,0,0,-1,0,-1,0,1,0,0,0,0,0,0,0,0,0,0,0,0,0,0,0,0,0,0,1,0,0,0
Serpinb1a,379,1,-1,0,0,0,0,0,0,0,0,0,0,0,-1,0,0,0,0,0,0,-1,0,0,0,0,0,0,0,0,0
Srgap2,1071,1,0,0,0,0,1,0,1,1,-1,1,-1,0,0,0,-1,0,-1,0,0,0,1,-1,0,1,0,0,0,0,-1
Kctd12,327,1,0,0,0,-1,0,0,1,0,0,0,0,0,0,0,0,0,0,0,0,0,0,0,0,0,0,0,-1,0,0
Lgals9,353,1,0,0,0,0,0,0,0,0,0,0,0,0,0,0,0,0,0,0,0,0,0,0,0,0,0,-1,0,0,0
Hnrnph3,177,1,1,-1,0,1,0,0,0,0,0,0,0,0,0,0,0,-1,0,0,0,0,0,0,0,0,0,0,0,0,0
Tfe3,467,1,0,0,0,0,0,1,0,0,0,1,0,0,0,0,1,0,0,0,0,-1,0,-1,1,1,-1,1,1,-1,0
Bclaf1,870,1,0,1,0,0,0,1,0,0,0,0,1,0,1,0,1,0,0,0,0,0,1,0,1,0,1,0,0,0,1
Tle3,782,1,0,0,0,0,1,0,0,0,0,0,0,0,0,0,0,0,0,1,0,0,0,0,-1,0,0,-1,1,0,1
Cpeb4,729,1,0,-1,0,0,0,0,0,0,0,0,0,0,0,0,0,1,0,0,0,0,0,1,0,0,0,0,0,0,0
Braf,804,1,0,0,0,0,0,0,0,0,0,0,0,0,0,0,0,0,0,0,0,0,0,0,0,0,-1,0,0,0,0
Ldb1,411,1,0,0,0,0,0,0,0,0,0,0,0,1,0,0,1,0,0,0,0,1,-1,0,0,0,0,0,0,0,0
Stat5a,793,1,0,0,0,0,0,0,0,0,0,0,0,-1,0,0,1,0,0,0,0,0,0,0,0,0,0,0,0,-1,0
C2cd2l,706,1,-1,0,-1,0,0,0,1,-1,0,0,0,0,0,0,0,0,0,0,0,0,0,0,0,0,0,0,0,0,0
Il1a,270,1,0,1,0,0,-1,0,0,-1,-1,0,1,0,0,0,0,-1,0,-1,-1,0,0,0,0,0,-1,0,0,0,0
Atf3,181,1,0,0,0,0,0,0,0,0,0,0,0,-1,0,0,0,0,0,0,0,0,0,0,0,0,0,0,0,0,0
Notch1,2531,1,0,1,0,0,0,0,0,0,0,0,0,0,0,0,0,0,0,0,1,0,0,1,0,0,0,0,0,0,0
Ms4a6c,217,1,0,0,0,0,0,0,0,-1,0,0,0,0,0,0,0,0,0,0,0,0,0,0,1,-1,-1,0,0,0,0
Ly6i,134,1,-1,0,0,0,0,0,1,0,0,0,0,0,0,0,0,0,0,0,0,0,-1,1,0,0,0,0,-1,0,0
Cd74,279,1,-1,-1,0,1,-1,0,0,0,0,0,-1,0,0,0,0,0,0,0,1,0,1,-1,0,-1,1,0,0,1,0
Cflar,215,1,0,0,0,0,0,0,0,-1,0,0,0,0,0,-1,-1,0,0,-1,-1,-1,-1,1,-1,0,0,0,0,0,0
Casp8,480,1,-1,0,0,0,0,0,0,0,0,0,-1,-1,0,0,0,-1,-1,0,0,0,0,1,0,0,0,0,-1,0,0
Adnp,1108,1,0,0,0,0,0,0,0,0,0,0,0,1,1,0,1,1,0,0,1,1,0,0,0,-1,0,0,0,-1,0
Spen,3620,1,0,1,-1,0,1,0,0,0,0,0,0,0,0,-1,0,0,1,-1,-1,1,0,0,-1,0,0,1,1,0,0
Ezr,586,1,0,1,0,0,0,0,1,0,0,0,0,-1,0,-1,0,-1,0,0,0,0,0,0,0,0,0,1,0,0,0
Safb2,991,1,0,-1,0,0,0,0,0,0,-1,0,0,0,0,0,0,0,0,-1,0,0,0,1,1,0,0,-1,0,1,0
Ythdc1,740,1,0,0,-1,0,1,-1,-1,1,-1,-1,0,0,-1,0,0,0,0,0,0,0,-1,0,-1,0,0,0,0,-1,-1
Il1rn,162,1,0,0,0,0,0,-1,0,0,0,1,0,0,0,1,1,0,0,1,0,0,0,0,1,0,0,-1,0,0,0
Gpr84,396,1,0,0,0,0,-1,0,0,0,0,0,0,0,-1,0,0,0,0,0,1,0,0,0,0,0,0,0,0,0,0
Vamp8,101,1,-1,-1,0,0,0,0,0,0,0,-1,1,0,1,0,0,0,0,-1,0,-1,0,0,1,0,0,0,0,0,0
Mta2,668,1,0,0,0,0,0,1,0,0,-1,0,0,0,0,-1,0,0,0,0,0,0,0,0,0,1,1,0,-1,-1,0
Slc4a7,1034,1,-1,0,-1,0,0,0,-1,0,0,1,0,0,0,0,1,0,0,-1,-1,-1,0,0,0,-1,0,0,1,0,0
Adap2,381,1,0,-1,1,-1,1,0,1,1,1,0,0,-1,0,0,0,0,0,0,0,0,0,0,0,0,0,-1,0,0,0
Pxk,582,1,0,0,0,-1,1,0,0,0,0,1,0,0,0,-1,-1,0,0,0,0,0,0,0,0,-1,0,0,0,0,0
Dlg4,724,1,-1,0,0,0,0,0,0,0,1,1,0,1,0,0,-1,-1,-1,0,0,0,0,-1,0,0,0,0,0,0,0
Lztfl1,299,1,0,-1,0,0,0,0,-1,0,0,0,0,-1,0,0,0,0,0,1,0,0,1,0,1,1,0,0,1,0,1
Gng12,72,1,0,0,1,0,0,0,0,0,0,0,0,0,0,1,1,0,0,0,0,0,1,0,-1,0,0,0,-1,1,0
Dcp1a,602,1,0,0,0,0,0,0,0,1,0,1,1,1,0,0,0,0,1,0,1,0,-1,0,0,0,1,0,-1,0,-1
Syk,629,1,0,0,0,0,0,-1,0,0,0,0,0,0,0,0,0,0,0,0,0,1,-1,-1,0,-1,-1,0,0,0,0
Junb,344,1,0,0,1,0,-1,0,0,0,0,0,-1,-1,0,0,0,0,0,0,0,0,1,0,0,0,0,0,0,0,0
Irf1,329,1,0,0,0,1,0,1,0,1,0,0,0,-1,0,0,0,0,0,0,0,0,0,0,0,0,0,0,0,1,-1
Mafk,156,1,0,0,0,0,1,0,0,1,0,0,1,0,1,1,-1,0,0,-1,0,0,0,0,0,0,-1,-1,-1,0,0
Nono,473,1,0,0,0,1,0,0,0,0,-1,1,0,0,0,0,0,1,1,0,0,0,0,0,0,0,0,0,0,0,0
Ndrg1,394,1,0,1,-1,0,0,-1,0,-1,0,0,-1,0,1,0,0,0,-1,1,0,-1,0,0,0,0,0,0,0,-1,0
Batf2,274,1,-1,0,0,1,0,0,0,0,0,-1,0,0,-1,0,0,1,0,0,1,1,1,0,1,0,1,0,0,0,0
Tmem14c,114,1,0,1,-1,0,0,0,0,0,0,0,0,0,0,0,0,0,0,0,0,0,0,0,0,0,0,0,0,0,0
Syap1,365,1,0,0,0,0,0,0,0,0,0,0,1,0,0,-1,0,0,0,0,-1,0,-1,-1,0,0,0,1,-1,0,-1
H2-D1,341,1,0,0,0,1,0,0,0,0,0,0,0,0,0,0,0,0,1,0,0,0,0,0,0,0,0,1,0,0,-1
Igf2bp2,592,1,0,0,1,0,0,0,0,0,0,0,0,0,0,0,0,-1,-1,0,1,0,0,0,0,-1,1,1,0,0,0
Zc3hav1,946,1,0,-1,0,-1,0,0,0,0,0,0,1,0,0,0,0,0,0,0,1,0,0,0,-1,-1,0,0,0,-1,0
Nod1,953,1,-1,-1,0,0,0,0,-1,0,-1,0,0,0,0,0,0,0,0,0,0,1,0,0,1,0,0,1,-1,0,0
Ccl2,148,1,0,0,0,0,0,0,0,0,0,0,0,0,0,0,0,0,0,0,0,0,0,0,0,0,-1,0,0,0,0
Bmp2k,1138,1,1,1,0,0,1,0,0,1,0,-1,0,0,0,0,0,0,0,0,0,0,0,0,0,0,0,0,0,0,0
H2-Q4,354,1,0,0,0,0,0,0,0,0,0,0,0,0,0,0,0,0,-1,0,1,0,0,0,1,0,0,0,0,0,0
Isg20,300,1,0,0,0,0,-1,0,0,0,0,-1,0,-1,0,0,0,0,0,0,0,1,0,0,0,0,0,1,0,0,0
Arhgap12,838,1,0,-1,1,0,0,1,0,0,0,0,0,0,0,0,-1,0,-1,0,-1,0,-1,0,-1,0,1,-1,1,1,0
Ripk2,402,1,0,0,0,0,0,0,0,-1,0,1,0,0,0,0,0,0,-1,0,-1,0,0,0,1,0,0,-1,0,0,0
Tbc1d13,400,1,0,0,0,0,1,0,1,0,0,-1,0,0,-1,0,0,1,-1,0,0,0,0,0,-1,1,0,1,-1,0,0
Trim21,462,1,0,0,-1,1,0,0,-1,-1,0,0,0,0,0,0,0,-1,0,0,0,-1,0,0,0,0,-1,0,0,0,0
Ppp1r2,159,1,0,0,-1,0,0,0,0,-1,0,0,0,0,0,-1,0,0,-1,-1,0,0,0,1,0,-1,0,0,0,0,0
Vezf1,412,1,0,0,0,0,1,0,0,0,0,0,0,0,0,0,0,0,-1,0,0,1,0,0,0,-1,0,1,0,0,0
Mnda,423,1,0,0,-1,0,1,1,0,0,0,0,1,0,0,-1,0,0,0,1,0,0,0,0,0,0,1,0,0,0,0
Smg9,520,1,0,-1,0,0,0,0,0,0,0,0,0,0,0,-1,1,1,1,1,0,1,-1,0,0,0,0,0,0,0,0
Itga5,1053,1,0,0,0,0,0,1,0,0,1,0,0,0,0,0,0,0,0,1,0,0,0,1,1,0,0,0,0,0,0
Map2k6,237,1,-1,0,-1,0,0,0,1,0,0,-1,0,0,0,0,0,0,0,0,0,0,0,0,1,-1,0,-1,0,0,0
Tnfrsf14,275,1,-1,0,0,0,0,0,0,0,0,0,0,0,0,0,0,0,-1,0,0,0,1,0,0,0,0,0,0,0,0
Sting1,337,1,0,0,0,0,0,0,0,0,0,0,1,0,1,0,0,1,0,1,0,0,0,0,0,0,0,0,0,0,0
Ifi203,408,1,0,-1,0,1,0,0,0,0,0,1,0,0,-1,0,0,-1,-1,0,0,0,1,0,0,1,0,0,0,1,1
Wac,646,1,0,0,0,0,1,1,0,0,1,0,0,-1,0,0,0,-1,1,1,0,-1,0,0,0,0,0,0,0,1,0
Tnip1,646,1,-1,0,1,0,0,0,0,0,0,-1,0,0,0,0,0,0,0,0,-1,0,0,0,0,0,-1,1,0,0,-1
Mff,250,1,0,-1,0,0,1,0,0,0,-1,0,-1,0,0,-1,0,0,0,0,1,0,1,0,0,-1,1,0,1,0,0
Zyx,564,1,0,0,0,1,0,0,0,0,0,0,0,0,0,0,0,0,0,0,0,0,0,0,1,1,0,0,0,0,0
Cxcl16,246,1,1,1,0,0,0,0,0,0,0,0,0,0,0,0,0,0,0,0,0,0,0,0,0,-1,0,0,0,0,0
Dbnl,432,1,0,0,0,0,0,1,0,0,0,0,0,0,-1,0,0,0,1,0,0,0,-1,1,0,0,0,-1,0,0,0
Psme1,249,1,0,0,0,1,0,0,0,-1,0,0,0,1,0,-1,0,0,1,-1,-1,0,0,0,1,0,-1,0,0,0,0
Nr3c1,792,1,-1,0,1,-1,0,0,0,0,0,0,1,-1,-1,0,0,0,0,0,0,0,1,0,1,0,0,0,0,-1,0
Cebpb,296,1,0,1,0,0,0,0,-1,0,0,0,0,0,0,0,0,0,0,0,1,0,0,-1,0,0,0,0,0,0,-1
Atp13a2,1169,1,0,0,-1,0,0,0,0,0,0,0,0,0,0,0,0,0,0,0,0,0,0,0,0,0,-1,0,0,0,0
Bnip3,187,1,0,0,0,0,-1,-1,0,0,0,0,0,0,0,-1,0,0,0,0,0,0,0,0,0,0,0,0,0,0,0
Pml,95,1,0,0,0,0,0,0,0,0,0,0,0,0,0,0,0,0,0,0,0,0,0,0,-1,0,0,0,-1,0,-1
Parp10,960,1,0,-1,0,-1,0,0,0,0,0,-1,0,1,0,0,0,0,-1,0,0,-1,-1,0,0,0,0,0,0,-1,0
Trim12a,297,1,0,0,0,0,0,1,0,0,1,-1,-1,0,0,0,0,0,0,0,0,0,0,0,1,0,0,0,0,-1,0
Traf1,409,1,0,0,0,0,0,0,-1,-1,0,-1,0,0,0,0,0,0,0,0,0,0,0,-1,0,0,-1,0,1,0,0
Hspa1a,641,1,0,1,0,0,0,0,0,0,-1,0,0,0,0,0,0,0,0,0,0,0,0,0,0,1,0,-1,0,0,0
Nos2,136,1,-1,0,0,0,0,-1,0,0,1,-1,0,0,0,0,0,0,0,0,0,-1,0,0,0,0,1,1,0,1,0
Cd274,290,1,1,0,0,0,0,0,0,0,0,0,0,0,0,0,0,1,0,0,0,0,0,0,0,1,-1,0,0,0,0
Helz2,2947,1,0,0,0,0,0,0,0,1,0,0,0,0,0,0,0,0,0,0,0,0,0,0,0,0,0,1,0,-1,0
Pyhin1,420,1,0,0,-1,0,1,1,0,0,0,0,0,0,0,0,0,0,0,-1,0,-1,0,1,0,0,1,0,0,0,0
Fyb1,819,1,0,1,0,0,0,0,0,0,0,0,-1,-1,0,0,0,0,0,1,0,0,1,0,0,0,0,0,0,0,0
Raf1,648,1,-1,0,0,0,0,0,0,1,0,0,0,0,0,0,0,0,1,-1,0,0,0,-1,0,0,0,0,0,0,0
Carmil1,1374,1,0,-1,-1,0,0,-1,0,0,1,-1,0,0,-1,0,0,1,-1,0,0,0,1,1,0,1,0,0,0,1,1
Etv6,485,1,0,-1,0,0,0,0,0,0,0,1,0,-1,1,0,0,0,0,0,0,-1,0,0,0,0,0,0,1,0,0
Fcgr4,249,1,0,0,0,0,0,0,0,0,0,0,0,0,0,0,0,0,0,0,0,0,0,0,1,0,0,0,0,0,-1
Srgap2,1071,1,0,0,0,0,1,0,1,1,-1,1,-1,0,0,0,-1,0,-1,0,0,0,1,-1,0,1,0,0,0,0,-1
Cdc42ep2,214,1,0,0,1,0,0,0,0,0,1,1,0,0,1,1,0,1,1,-1,1,0,1,-1,0,0,0,0,-1,0,0
Lcp2,533,1,0,0,1,0,0,0,0,1,0,-1,0,0,0,0,0,0,-1,0,0,0,-1,0,0,1,1,0,0,0,1
Ncor2,2472,1,0,0,0,0,0,0,0,0,0,0,0,1,0,0,-1,0,1,0,0,0,0,0,0,0,0,0,0,0,0
Use1,270,1,0,0,0,-1,0,0,0,0,1,0,0,0,0,0,1,0,-1,0,0,0,0,1,0,0,0,1,0,-1,0
Dap,102,1,0,0,0,0,-1,0,1,0,-1,0,1,0,0,0,0,0,0,0,1,0,0,0,0,1,0,0,0,1,0
H1-0,194,1,0,-1,0,0,0,0,0,0,0,0,1,0,1,1,0,1,0,0,1,1,0,0,-1,0,0,1,0,0,-1
Znfx1,1909,1,-1,-1,1,1,0,0,0,-1,0,1,0,1,0,0,0,0,0,0,1,0,0,0,-1,0,-1,0,0,0,1
Tgs1,542,1,0,-1,0,-1,0,0,0,-1,-1,0,0,0,0,1,0,0,0,0,0,1,-1,0,0,0,0,0,0,0,0
Mdm2,489,1,0,0,0,0,0,0,0,0,0,-1,0,0,0,0,0,0,0,0,0,0,0,-1,0,-1,0,0,0,1,0
H2-T23,357,1,0,0,0,0,0,0,0,0,0,0,0,0,0,0,0,0,0,0,0,0,0,0,0,0,1,0,0,0,0
Irf5,506,1,0,0,0,0,1,0,0,0,0,0,0,0,0,0,0,0,0,0,0,0,1,1,0,1,0,1,0,0,0
Ifih1,976,1,0,0,0,0,0,0,-1,-1,0,0,1,0,0,0,0,0,0,1,0,1,0,1,0,0,0,0,0,-1,0
Irak3,609,1,0,0,1,0,0,0,1,0,0,0,0,0,0,0,0,0,0,-1,0,0,0,0,0,0,0,-1,0,0,0
Lrch1,709,1,0,0,0,0,0,-1,0,0,0,0,0,0,0,0,0,0,0,0,0,0,0,0,0,0,0,0,0,0,0
Ifi204,619,1,0,0,-1,0,1,1,0,0,0,0,1,0,0,-1,0,0,0,1,0,0,0,0,0,0,1,0,0,0,0
Itgb7,806,1,0,-1,0,0,0,0,0,0,0,0,0,0,0,0,0,0,0,0,-1,0,-1,0,1,0,0,0,0,0,-1
Ensa,121,1,0,0,1,0,-1,-1,-1,0,0,0,-1,-1,0,0,-1,-1,1,0,-1,0,0,-1,1,-1,0,0,0,0,-1
Psmd10,151,1,-1,0,0,0,0,0,0,0,0,0,0,0,0,0,0,0,1,0,-1,-1,0,1,-1,1,0,0,0,-1,1
Il1b,269,1,0,0,0,0,-1,0,0,0,-1,0,0,0,0,-1,0,-1,-1,0,-1,0,0,0,-1,0,-1,0,0,0,1
Marchf5,152,1,0,-1,0,0,0,0,0,0,0,-1,1,0,0,0,0,0,0,0,0,-1,-1,-1,-1,1,0,0,-1,0,0
Ncoa5,579,1,0,0,0,0,0,1,0,0,0,0,1,1,-1,0,0,0,0,0,-1,0,1,-1,0,1,1,-1,1,0,0
Adgre1,790,1,0,0,0,0,0,0,0,0,0,0,0,0,0,0,0,1,0,0,0,0,0,0,0,0,0,0,0,0,0
Trim56,734,1,0,0,1,-1,0,0,0,0,0,0,-1,0,0,0,0,-1,0,0,0,0,1,0,0,0,-1,0,0,0,0
Aff4,1160,1,0,1,-1,-1,1,0,0,0,1,0,1,-1,1,-1,1,1,0,0,-1,0,0,0,0,-1,-1,0,0,0,0
Tbc1d1,1033,1,0,0,0,0,0,0,0,0,1,0,0,-1,0,0,0,0,0,1,0,0,0,1,0,0,1,0,-1,-1,0
Plin2,425,1,0,0,0,0,0,-1,0,0,0,0,0,0,0,1,0,0,0,0,0,0,0,0,0,0,0,-1,0,0,0
Tbc1d9,1264,1,0,0,0,0,-1,-1,0,0,0,0,0,0,0,0,0,0,-1,1,0,0,0,0,0,0,0,0,1,1,1
Trafd1,576,1,0,-1,0,1,-1,-1,0,0,0,1,0,0,-1,0,0,1,1,-1,0,0,0,0,0,0,0,0,0,-1,0
Arhgdib,200,1,0,-1,1,-1,0,0,0,0,0,-1,-1,0,-1,-1,-1,0,-1,0,1,0,0,0,1,0,0,0,0,1,0
Sphk2,617,1,0,0,0,0,0,0,0,0,0,0,0,0,0,0,0,0,0,-1,0,0,0,0,0,0,0,0,0,1,0
Ms4a6b,244,1,0,0,0,0,0,0,0,-1,0,0,0,0,0,0,0,0,0,0,0,0,0,0,0,-1,1,0,0,0,0
Tnfrsf1b,474,1,0,0,0,0,0,0,0,0,0,0,0,-1,0,0,0,0,0,0,0,0,0,0,0,0,0,0,0,0,0
Themis2,663,1,-1,0,0,0,0,0,-1,0,0,0,0,0,-1,0,0,0,0,0,1,0,0,1,0,0,0,0,0,0,0
Hopx,73,1,0,0,0,0,0,0,0,0,0,-1,-1,0,0,-1,0,0,-1,0,0,0,0,1,0,0,1,0,0,-1,0
Kdm4a,1064,1,0,0,-1,0,-1,0,0,0,0,0,0,1,0,0,0,0,0,0,0,0,-1,-1,0,1,0,0,0,1,0
Ifitm2,144,1,0,0,0,0,0,0,0,0,0,0,0,0,0,0,0,0,0,0,-1,0,0,1,-1,-1,0,0,0,0,-1
Snap23,210,1,-1,0,0,0,0,-1,-1,0,0,0,1,0,0,0,0,0,-1,-1,0,0,-1,0,0,1,1,0,0,0,0
Vrk2,454,1,0,0,1,1,1,-1,1,0,1,0,0,0,0,0,0,-1,0,1,0,0,-1,-1,0,-1,0,0,1,0,0
Carhsp1,148,1,0,0,-1,0,0,0,0,0,0,0,0,0,0,0,0,0,0,0,0,0,0,-1,0,0,1,0,1,-1,1
Parp14,1817,1,0,0,0,0,0,0,0,0,0,0,-1,0,0,0,0,0,-1,0,0,1,0,0,0,0,1,0,0,0,0
Patl1,770,1,0,1,0,-1,0,0,-1,-1,0,0,0,-1,-1,-1,-1,-1,0,0,0,0,0,0,-1,-1,-1,-1,-1,0,-1
Ctsh,333,1,0,0,0,0,0,0,0,0,0,0,0,0,0,0,0,0,0,0,0,0,-1,0,0,0,0,0,0,-1,1
Fpr1,364,1,-1,0,0,0,0,0,0,0,0,1,0,0,0,0,0,0,0,0,0,0,0,0,0,0,0,0,0,0,0
Apobec3,440,1,0,0,0,1,0,0,0,1,0,0,0,0,0,0,0,0,0,0,0,0,1,1,0,0,0,0,0,1,0
Cast,788,1,0,0,0,0,0,1,0,0,0,0,0,1,0,0,1,0,0,0,0,1,0,0,0,-1,0,0,0,-1,1
Rab11a,216,1,0,0,1,-1,-1,-1,0,-1,0,0,0,1,0,0,0,0,0,-1,0,0,0,0,1,0,0,0,0,0,1
Jak3,1100,1,0,0,0,0,-1,-1,0,0,0,0,0,0,1,0,0,0,0,0,0,0,-1,0,0,0,0,0,0,0,0
Ahnak2,3402,1,0,0,0,-1,-1,0,0,-1,0,0,0,1,0,-1,0,-1,0,0,0,0,0,0,0,0,0,0,0,0,-1
Emb,301,1,0,0,0,0,0,0,0,0,0,0,0,0,0,0,0,0,0,0,0,0,0,0,0,0,0,0,0,0,0
Procr,242,1,0,0,1,0,0,0,0,0,0,0,0,0,0,0,0,0,0,0,0,0,-1,0,0,0,0,0,0,0,0
Pbxip1,727,1,0,0,0,0,-1,0,-1,0,0,0,0,0,0,0,0,-1,0,0,0,0,-1,0,0,0,0,-1,0,1,0
Max,160,1,0,-1,0,-1,-1,0,-1,0,-1,0,-1,-1,-1,0,0,1,0,0,0,0,0,-1,1,1,0,0,0,0,0
H2-T24,363,1,0,0,0,0,0,0,0,0,0,0,0,0,-1,0,0,0,1,0,0,0,0,0,0,0,0,0,0,0,0
Fpr2,351,1,-1,0,0,0,0,0,0,0,0,0,0,-1,0,0,0,0,-1,0,0,0,0,1,0,0,0,0,0,0,0
Mitf,352,1,0,0,0,0,0,0,0,0,0,0,0,0,0,0,0,0,0,0,0,0,0,0,-1,1,-1,0,0,0,1
Larp1,1072,1,0,0,0,0,-1,0,0,0,0,0,0,0,0,0,0,0,0,-1,-1,0,0,0,0,1,1,1,0,0,0
Khdrbs1,443,1,0,1,1,-1,-1,0,0,0,1,0,0,1,0,0,0,1,0,0,0,1,-1,0,0,0,0,0,0,0,0
Zbtb7a,569,1,0,0,0,0,-1,0,0,0,0,0,0,0,0,-1,0,0,0,-1,0,0,0,0,0,0,-1,0,1,0,0
Mrtfb,1091,1,-1,0,0,0,0,0,-1,0,-1,-1,-1,0,0,0,0,0,0,0,0,0,0,0,0,0,-1,0,0,0,0
Ythdf1,559,1,0,0,0,0,0,-1,0,0,1,0,1,0,0,-1,0,1,0,0,0,0,0,0,0,0,1,-1,0,0,0
Casp1,402,1,0,-1,1,0,0,1,0,1,1,1,0,0,0,0,0,0,0,0,0,0,0,0,0,0,0,-1,-1,0,0
Jund,341,1,-1,0,0,0,0,0,-1,-1,0,0,0,0,0,0,0,0,0,0,0,0,0,0,0,0,0,0,0,0,0
Oas1a,367,1,-1,0,0,0,1,0,0,0,0,0,0,0,-1,1,0,0,-1,-1,0,0,0,0,-1,0,0,0,0,0,-1
Nos2,136,1,-1,0,0,0,0,-1,0,0,1,-1,0,0,0,0,0,0,0,0,0,-1,0,0,0,0,1,1,0,1,0
Evl,401,1,0,0,-1,-1,0,0,1,1,0,0,0,0,1,0,0,0,0,0,0,0,1,0,0,0,0,0,0,0,0
Serpinb2,415,1,-1,-1,0,0,0,0,0,0,0,0,0,0,0,0,0,1,0,0,-1,1,0,0,0,0,0,0,0,0,0
Casp4,255,1,0,1,0,0,0,0,1,-1,0,0,0,1,0,1,1,0,0,0,0,0,0,0,-1,0,1,0,0,0,0
Samd4b,687,1,0,0,1,-1,0,0,0,0,0,0,0,0,0,1,0,0,0,-1,0,-1,0,0,0,0,0,0,0,0,0
Maf,370,1,0,0,-1,0,0,0,0,0,0,-1,0,0,0,0,0,0,0,0,-1,0,0,0,-1,0,-1,0,0,1,0
Prex1,1650,1,-1,0,0,0,0,0,0,0,-1,0,0,0,-1,0,0,0,-1,0,0,0,0,-1,0,1,0,0,0,0,0
Tlr9,1032,1,0,0,1,1,1,0,0,0,0,0,0,0,0,0,0,0,0,0,0,0,-1,0,0,0,0,0,0,0,0
Rbm3,153,1,0,0,-1,-1,0,1,0,0,0,0,0,0,0,0,0,0,-1,-1,0,0,0,-1,-1,0,0,0,0,0,0
Psme2,231,1,0,-1,0,0,0,0,0,0,-1,0,0,1,0,0,0,0,0,-1,0,-1,-1,0,0,0,0,0,0,0,1
Cnp,400,1,0,0,0,0,0,1,-1,1,0,-1,0,0,0,0,0,0,0,-1,-1,-1,0,0,0,0,0,0,-1,0,1
Rassf4,322,1,1,-1,0,0,0,0,0,0,0,0,0,0,0,-1,0,1,0,0,0,1,0,-1,0,0,0,0,0,1,0
Ptpn1,432,1,-1,0,-1,1,-1,0,-1,-1,0,-1,1,0,0,0,0,0,0,0,0,0,-1,0,1,0,-1,0,0,-1,0
Nfkbiz,728,1,0,0,-1,1,0,0,-1,-1,0,1,0,0,-1,0,0,0,-1,0,0,0,-1,0,0,0,0,0,0,0,0
Tra2a,281,1,0,-1,0,-1,-1,0,0,0,-1,0,1,-1,0,1,0,0,0,1,0,0,0,0,0,0,0,1,0,1,0
Mecp2,484,1,0,0,0,0,0,0,0,1,-1,-1,1,0,-1,-1,0,-1,0,0,0,0,1,-1,1,0,0,1,0,1,1
Stat2,923,1,0,0,0,-1,0,0,0,0,0,-1,0,0,0,0,-1,0,0,0,0,0,0,0,0,0,0,0,0,0,-1
Pdk3,415,1,1,0,0,0,1,0,0,1,0,0,0,0,1,0,0,-1,1,0,0,1,0,0,0,0,0,0,0,0,1
H2-Q7,334,1,0,0,0,0,0,0,0,0,0,0,0,0,0,0,0,0,-1,0,1,0,0,0,0,0,0,0,0,0,0
Sltm,955,1,0,0,0,0,0,0,0,0,0,0,0,0,0,0,0,0,-1,0,1,1,0,0,-1,0,1,0,0,-1,0
Map2k1,393,1,0,1,1,1,0,0,0,0,0,0,0,0,0,0,-1,0,0,0,0,0,0,0,0,0,0,-1,0,0,0
Stat1,749,1,0,0,0,0,-1,0,0,0,0,-1,0,1,0,0,-1,0,0,0,0,0,0,-1,-1,0,0,0,0,-1,0
Cd200,204,1,0,0,0,0,1,0,0,0,0,0,0,0,0,0,0,1,-1,1,0,0,0,0,-1,0,0,0,0,0,0
Nsd3,1446,1,-1,0,0,0,0,0,0,0,0,0,0,0,0,0,0,0,0,0,0,0,0,0,-1,0,0,0,0,1,0
Cbl,913,1,0,0,0,0,1,1,0,0,0,0,0,0,0,0,0,0,0,0,0,0,0,0,0,0,0,0,0,1,-1
Tarm1,288,1,0,0,1,0,0,0,0,0,0,0,1,0,0,0,0,0,0,-1,0,0,-1,0,0,0,0,0,1,0,0
Plpp3,312,1,0,0,0,1,0,-1,1,0,0,0,0,-1,0,1,0,0,0,0,0,0,0,0,0,0,0,1,1,0,0
Prkcd,674,1,0,0,0,0,1,0,0,0,0,0,0,-1,0,0,0,0,0,0,-1,-1,-1,0,0,0,0,0,0,0,0
Traf2,501,1,0,0,0,0,0,0,0,0,0,0,0,-1,0,0,0,0,0,0,0,1,0,0,0,0,0,1,0,-1,0
Gnb4,340,1,0,-1,0,-1,0,0,1,0,-1,0,-1,0,0,1,0,0,0,0,-1,0,1,1,0,0,0,-1,0,0,0
Thbs1,1170,1,-1,0,0,1,0,0,0,0,0,0,0,0,0,0,0,0,0,0,1,0,0,-1,0,0,0,-1,0,0,0
Elf1,2154,1,-1,0,0,1,0,0,0,0,0,0,0,0,0,0,0,0,0,0,0,0,0,0,0,0,0,0,0,-1,0
Slc66a2,271,1,-1,0,-1,0,0,0,0,0,0,0,0,0,0,0,0,0,0,0,0,0,0,0,0,0,0,0,0,0,0
Fmnl2,1086,1,0,0,0,0,0,0,-1,0,0,0,0,-1,0,1,0,0,0,0,0,0,1,0,0,0,0,-1,0,0,-1
Sema4a,760,1,0,0,0,0,0,0,0,-1,0,0,0,0,0,1,0,0,0,0,0,0,0,0,0,0,0,0,0,0,0
Ms4a7,267,1,0,0,0,0,0,0,0,0,0,0,0,0,0,0,0,0,0,0,0,0,0,1,0,0,0,0,0,0,0
Cd86,309,1,-1,0,1,0,0,0,0,0,0,0,0,0,0,0,0,0,0,0,0,0,-1,0,0,0,0,-1,0,0,0
Ybx1,322,1,0,0,-1,0,-1,0,0,0,0,0,0,0,0,0,0,0,0,0,0,0,-1,0,1,0,0,0,0,0,0
Cd40,289,1,0,0,0,0,1,0,0,0,0,0,0,0,0,0,0,0,0,0,0,0,0,0,0,0,0,0,-1,1,0
Hmga1,107,1,0,-1,0,0,0,1,0,0,0,0,0,0,0,1,0,-1,1,-1,0,0,-1,1,1,0,1,0,1,0,1
Mertk,994,1,0,0,0,0,0,0,0,0,0,0,0,0,0,0,0,0,0,0,0,0,0,-1,1,0,-1,-1,0,-1,0
Fam162a,155,1,0,0,0,0,0,0,1,0,0,0,0,0,0,0,1,0,0,-1,1,0,0,0,0,0,0,1,0,0,1
Dhx58,678,1,-1,0,1,0,0,0,0,-1,0,0,0,0,0,0,-1,0,1,0,0,0,0,0,0,0,0,0,0,0,1
Serpinb9b,377,1,0,0,0,0,-1,0,0,0,0,0,0,0,0,0,0,1,0,0,0,0,0,0,0,0,1,0,0,0,0
Casp3,277,1,-1,0,0,1,0,0,0,-1,0,1,0,0,0,0,0,-1,0,1,0,0,0,0,0,1,0,0,-1,0,0
Plcl2,1128,1,0,-1,0,0,1,0,0,0,0,0,0,0,0,0,0,0,0,0,0,0,0,0,1,0,0,0,1,0,0
Eif2ak2,515,1,0,0,-1,0,0,0,0,0,0,-1,1,0,0,1,0,1,0,0,0,0,0,0,0,0,0,1,-1,0,0
Fpr2,351,1,-1,0,0,0,0,0,0,0,0,0,0,-1,0,0,0,0,-1,0,0,0,0,1,0,0,0,0,0,0,0
Zeb2,1215,1,1,0,0,0,0,0,-1,0,0,1,0,1,1,1,1,0,0,0,0,1,1,1,0,0,0,0,0,-1,0
Rbpj,526,1,0,0,0,0,0,0,0,0,1,0,0,0,1,0,1,0,1,0,1,0,0,0,0,0,0,0,-1,0,0
Ccnk,554,1,1,-1,0,1,-1,0,0,0,0,0,0,0,0,0,0,0,-1,0,0,1,0,0,0,0,0,-1,1,1,-1
Jak2,1132,1,0,0,0,0,0,0,0,0,-1,0,-1,0,0,0,0,0,0,0,0,0,0,0,-1,0,0,0,0,0,0
Larp4b,741,1,0,0,-1,0,-1,0,1,0,0,0,-1,0,0,0,0,1,0,0,-1,0,1,-1,0,0,0,0,0,0,0
Src,535,1,0,0,0,1,0,1,0,1,-1,0,0,0,1,1,1,0,0,-1,0,0,-1,0,0,0,0,0,0,0,0
